<?xml version="1.0" encoding="UTF-8"?>
<con:HL7V2MessageValidationContextDefinition xmlns:con="http://www.nist.gov/healthcare/validation/message/hl7/v2/context">
	<con:ValidationConfiguration>
		<con:HL7Tables>
			<con:All/>
		</con:HL7Tables>
		<con:UserTables>
			<con:All/>
		</con:UserTables>
		<con:TablesToExclude>
			<con:Table>FIPS6_4</con:Table>
			<con:Table>USPS</con:Table>
			<con:Table>0361</con:Table>
			<con:Table>0362</con:Table>
			<con:Table>0363</con:Table>
			<con:Table>Name of originating facility</con:Table>
            <con:Table>National Provider Identifier</con:Table>
			<con:Table>ICD-9_ICD-10_SNOMED</con:Table>
			<con:Table>ICD-9_ICD-10_SNOMED_HCPTNUCC</con:Table>
			<con:Table>PHVS_AdministrativeDiagnosis_CDC_ICD-9CM</con:Table>
			<con:Table>PHVS_CauseOfDeath_ICD-10_CDC</con:Table>
			<con:Table>PHVS_Disease_CDC</con:Table>
			<con:Table>VS_LOINC</con:Table>
		</con:TablesToExclude>
	</con:ValidationConfiguration>
	<con:FailureInterpretation>
		<con:MessageFailure Type="MESSAGE_STRUCTURE" Result="ERROR"/>
		<con:MessageFailure Type="USAGE" Result="ERROR"/>
		<con:MessageFailure Type="CARDINALITY" Result="ERROR"/>
		<con:MessageFailure Type="LENGTH" Result="ERROR"/>
		<con:MessageFailure Type="DATATYPE" Result="ERROR"/>
		<con:MessageFailure Type="DATA" Result="ERROR"/>
		<con:MessageFailure Type="DATA_PASSED" Result="AFFIRMATIVE"/>
		<con:MessageFailure Type="CHECKED" Result="AFFIRMATIVE"/>
		<con:MessageFailure Type="VERSION" Result="ERROR"/>
		<con:MessageFailure Type="MESSAGE_STRUCTURE_ID" Result="ERROR"/>
		<con:MessageFailure Type="MESSAGE_VALIDATION_CONTEXT" Result="ALERT"/>
		<con:MessageFailure Type="TABLE_NOT_FOUND" Result="ALERT"/>
		<con:MessageFailure Type="AMBIGUOUS_PROFILE" Result="ERROR"/>
	</con:FailureInterpretation>
</con:HL7V2MessageValidationContextDefinition>
